time_sampling,stoc_pol_mean,stoc_pol_std,stoc_pol_max,stoc_pol_min,alpha,delta,time_vpg,time_npg,kl_dist,surr_improvement,running_score,time_VF,VF_error_before,VF_error_after
0.3592503070831299,-216.87448377262155,22.926867363279925,-178.63052060130292,-237.96489264869902,4.914749755824736,1,0.0017914772033691406,0.016172170639038086,0.6628374,0.14486168,-216.87448377262155,0.042046546936035156,1.000570124496238,0.9924705293709774
