time_sampling,stoc_pol_mean,stoc_pol_std,stoc_pol_max,stoc_pol_min,alpha,delta,time_vpg,time_npg,kl_dist,surr_improvement,running_score,time_VF,VF_error_before,VF_error_after
0.2576286792755127,-2061.2566976001854,115.85948046130181,-1945.3972171388834,-2177.116178061487,4.431054816898978,1,0.0035212039947509766,0.035173654556274414,0.4087336,0.33719176,-2061.2566976001854,0.015677452087402344,1.000042384357155,0.9996887982454313
